<?xml version="1.0"?>
<doc>
    <assembly>
        <name>GETT_CapDeviceLib</name>
    </assembly>
    <members>
        <member name="T:GETT_CapDeviceLib.GETT_CapDevice">
            <summary>
            GETT_CapDevice class encapsultates device detection, automatic connection and interface handling using as singleton
            </summary>
        </member>
        <member name="P:GETT_CapDeviceLib.GETT_CapDevice.Instance">
            <summary>
            Get singleton instance
            </summary>
        </member>
        <member name="M:GETT_CapDeviceLib.GETT_CapDevice.Dispose">
            <summary>
            Disconnect and cleanup all references
            </summary>
        </member>
        <member name="M:GETT_CapDeviceLib.GETT_CapDevice.Dispose(System.Boolean)">
            <summary>
            Disconnect and cleanup all references
            </summary>
        </member>
        <member name="P:GETT_CapDeviceLib.GETT_CapDevice.IsConnected">
            <summary>
            Current connection state
            </summary>
        </member>
        <member name="P:GETT_CapDeviceLib.GETT_CapDevice.TargetInterfaceInfo">
            <summary>
            get USB HID device information set to identify target
            </summary>
        </member>
        <member name="E:GETT_CapDeviceLib.GETT_CapDevice.OnDisconnected">
            <summary>
            Event gets triggerd on device removal/disconnect from USB
            </summary>
        </member>
        <member name="E:GETT_CapDeviceLib.GETT_CapDevice.OnConnected">
            <summary>
            Event gets triggerd on device connect/enummeration on  USB
            </summary>
        </member>
        <member name="E:GETT_CapDeviceLib.GETT_CapDevice.OnButtonStateChanged">
            <summary>
            Event gets triggerd on input/release of any button if SuppressKeyboardOutput is not active.
            The input is handled over the additional gamecontroller interface and is therefore independent of the used keyboard keycodes       
            </summary>
        </member>
        <member name="M:GETT_CapDeviceLib.GETT_CapDevice.Recalibrate">
            <summary>
            Force recalibraition of all cap sensors
            </summary>
            <exception cref="T:System.IO.IOException">throw IOException if device connection is invalid</exception>
        </member>
        <member name="M:GETT_CapDeviceLib.GETT_CapDevice.SetKeyboardOutputStatus(System.Boolean)">
            <summary>
            Suppress keyboard and gamecontrol interface output to block unwanted or user inputs.
            This suppressing status is temporary and will be set to false after device reset.
            </summary>
            <param name="SuppressKeyboardOutput">true = all inputs will be supresses</param>
        </member>
        <member name="M:GETT_CapDeviceLib.GETT_CapDevice.FactoryReset">
            <summary>
            Reset all values to factory default
            </summary>
            <exception cref="T:System.IO.IOException">throw IOException if device connection is invalid</exception>
        </member>
        <member name="M:GETT_CapDeviceLib.GETT_CapDevice.SaveConfig">
            <summary>
            Save current settings permanently on device.
            </summary>
            <exception cref="T:System.IO.IOException">throw IOException if device connection is invalid</exception>
        </member>
        <member name="M:GETT_CapDeviceLib.GETT_CapDevice.ReadSensorValue(System.Int32)">
            <summary>
            Read raw sensor data from key[KeyIndex] used for tuning purposes
            </summary>
            <param name="KeyIndex">index of the target key (range 0-5)</param>
            <returns>sensor data object</returns>
            <exception cref="T:System.IO.IOException">throw IOException if device connection is invalid</exception>
        </member>
        <member name="M:GETT_CapDeviceLib.GETT_CapDevice.ReadSensorValues">
            <summary>
            Read raw sensor data from all keys for tuning purposes
            </summary>
            <returns>set of sensor data objects for all sensors</returns>
            <exception cref="T:System.IO.IOException">throw IOException if device connection is invalid</exception>
        </member>
        <member name="M:GETT_CapDeviceLib.GETT_CapDevice.GetSensorSettings(System.Int32)">
            <summary>
            Read sensor settings key[KeyIndex] used for tuning purposes
            </summary>
            <param name="KeyIndex">index of the target key (range 0-5)</param>
            <returns>sensor settings object</returns>
            <exception cref="T:System.IO.IOException">throw IOException if device connection is invalid</exception>
        </member>
        <member name="M:GETT_CapDeviceLib.GETT_CapDevice.SetSensorSettings(System.Int32,GETT_CapDeviceLib.Parameter.GETT_CapDevice_SensorSettings)">
            <summary>
            Override sensor settings key[KeyIndex]. Use SaveConfig() to store settings permanently
            </summary>
            <param name="KeyIndex">index of the target key (range 0-5)</param>
            <param name="newSettings">sensor settings object</param>
            <exception cref="T:System.IO.IOException">throw IOException if device connection is invalid</exception>
        </member>
        <member name="M:GETT_CapDeviceLib.GETT_CapDevice.SetColor(System.Int32,GETT_CapDeviceLib.Parameter.eCapDevice_KeyState,GETT_CapDeviceLib.Parameter.CapDevice_RGBColor)">
            <summary>
            Override color settings on key[KeyIndex] for TargetState. Use SaveConfig() to store settings permanently
            Color settings are defined for each key state and updated automatically on user input
              TargetState OFF = no input detected
              TargetState DELAY = input detected and debounce/wait timer active
              TargetState ON = input detected and debounce/wait timer expired
              TargetState CLEAN = indicator for clean mode (user input is blocked for cleaning)
            </summary>
            <param name="KeyIndex">index of the target key (range 0-5)</param>
            <param name="TargetState">target state for color settings</param>
            <param name="newColor">rgb color object</param>
            <exception cref="T:System.IO.IOException">throw IOException if device connection is invalid</exception>
        </member>
        <member name="M:GETT_CapDeviceLib.GETT_CapDevice.GetColor(System.Int32,GETT_CapDeviceLib.Parameter.eCapDevice_KeyState)">
            <summary>
            Read color settings of key[KeyIndex] for TargetState
            Color settings are defined for each key state and updated automatically on user input
              TargetState OFF = no input detected
              TargetState DELAY = input detected and debounce/wait timer active
              TargetState ON = input detected and debounce/wait timer expired
              TargetState CLEAN = indicator for clean mode (user input is blocked for cleaning)
            </summary>
            <param name="KeyIndex">index of the target key (range 0-5)</param>
            <param name="TargetState">target state of color settings</param>
            <returns>rgb color object</returns>
            <exception cref="T:System.IO.IOException">throw IOException if device connection is invalid</exception>
        </member>
        <member name="M:GETT_CapDeviceLib.GETT_CapDevice.SetFlashDuration(System.Int32,GETT_CapDeviceLib.Parameter.eCapDevice_KeyState,System.TimeSpan)">
            <summary>
            Set blink/flash duty cycle duration on key[KeyIndex] for TargetState. Use SaveConfig() to store settings permanently
            FlashDuration defines the backlight blink (on and off) duration.
            Color settings are defined for each key state and updated automatically on user input
              TargetState OFF = no input detected
              TargetState DELAY = input detected and debounce/wait timer active
              TargetState ON = input detected and debounce/wait timer expired
              TargetState CLEAN = indicator for clean mode (user input is blocked for cleaning)
            </summary>
            <param name="KeyIndex">index of the target key (range 0-5)</param>
            <param name="TargetState">target state to set FlashDuration</param>
            <param name="FlashDuration">blink (on and off duration) with a minimum of 20ms and maximum of 5.1s, default = 0 no blinking</param>
            <exception cref="T:System.IO.IOException">throw IOException if device connection is invalid</exception>
        </member>
        <member name="M:GETT_CapDeviceLib.GETT_CapDevice.GetFlashDuration(System.Int32,GETT_CapDeviceLib.Parameter.eCapDevice_KeyState)">
            <summary>
            Read blink/flash duty cycle duration on key[KeyIndex] for TargetState.Use SaveConfig() to store settings permanently
            FlashDuration defines the backlight blink (on and off) duration.
            Color settings are defined for each key state and updated automatically on user input
              TargetState OFF = no input detected
              TargetState DELAY = input detected and debounce/wait timer active
              TargetState ON = input detected and debounce/wait timer expired
              TargetState CLEAN = indicator for clean mode (user input is blocked for cleaning)
            </summary>
            <param name="KeyIndex">index of the target key (range 0-5)</param>
            <param name="TargetState">target state to read FlashDuration</param>
            <returns></returns>
            <exception cref="T:System.IO.IOException"></exception>
        </member>
        <member name="M:GETT_CapDeviceLib.GETT_CapDevice.GetOnDelay(System.Int32)">
            <summary>
            Read OnDelay settings of key[KeyIndex].
            OnDelay is defined as additional debounce/wait time on key[KeyIndex].
            The user input on key[KeyIndex] needs to be detected constantly for OnDelay time before switching from off to on state to generate an input.
            </summary>
            <param name="KeyIndex">index of the target key (range 0-5)</param>
            <returns>delay value with a minimum of 0 (no delay) and maximum 5.11s</returns>
            <exception cref="T:System.IO.IOException">throw IOException if device connection is invalid</exception>
        </member>
        <member name="M:GETT_CapDeviceLib.GETT_CapDevice.SetOnDelay(System.Int32,System.TimeSpan)">
            <summary>
            Set OnDelay settings of key[KeyIndex]. Use SaveConfig() to store settings permanently
            OnDelay is defined as additional debounce/wait time on key[KeyIndex].
            The user input on key[KeyIndex] needs to be detected constantly for OnDelay time before switching from off to on state to generate an input.
            </summary>
            <param name="KeyIndex">index of the target key (range 0-5)</param>
            <param name="TonDelay">delay value with a minimum of 0 (no delay) and maximum 5.11s</param>
            <exception cref="T:System.IO.IOException">throw IOException if device connection is invalid</exception>
        </member>
        <member name="M:GETT_CapDeviceLib.GETT_CapDevice.GetOffDelay(System.Int32)">
            <summary>
            Read OffDelay settings of key[KeyIndex].
            OffDelay is defined as additional debounce/wait time on key[KeyIndex].
            The user input on key[KeyIndex] needs to be absent constantly for OffDelay time before switching from on to off state to release the input.
            </summary>
            <param name="KeyIndex">index of the target key (range 0-5)</param>
            <returns>delay value with a minimum of 0 (no delay) and maximum 5.11s</returns>
            <exception cref="T:System.IO.IOException">throw IOException if device connection is invalid</exception>
        </member>
        <member name="M:GETT_CapDeviceLib.GETT_CapDevice.SetOffDelay(System.Int32,System.TimeSpan)">
            <summary>
            Set OnDelay settings of key[KeyIndex]. Use SaveConfig() to store settings permanently
            OnDelay is defined as additional debounce/wait time on key[KeyIndex].
            The user input on key[KeyIndex] needs to be detected constantly for OnDelay time before switching from off to on state to generate an input.
            </summary>
            <param name="KeyIndex">index of the target key (range 0-5)</param>
            <param name="ToffDelay">delay value with a minimum of 0 (no delay) and maximum 5.11s</param>
            <exception cref="T:System.IO.IOException">throw IOException if device connection is invalid</exception>
        </member>
        <member name="M:GETT_CapDeviceLib.GETT_CapDevice.GetKeyMode(System.Int32)">
            <summary>
             Read KeyMode settings of key[KeyIndex].
             KeyMode defines the behavior of key[KeyIndex] on user inputs
             BUTTON = button mode genrates input (after OnDelay) when a user touches key[KeyIndex] and is released (after OffDelay) when the user gets out of the sensing range of key[KeyIndex] -> Output state NO
             SWITCH = switch mode genrates input (after OnDelay) when a user touches key[KeyIndex] and keeps its state after key[KeyIndex] is released, the release is generated after an additional touch/release sequence -> Output state NO
             BUTTON_INVERTED_OUTPUT = same as BUTTON with inverted output -> Output state NC
             SWITCH_INVERTED_OUTPUT = same as SWITCH with inverted output -> Output state NC
            </summary>
            <param name="KeyIndex">index of the target key (range 0-5)</param>
            <returns>KeyMode settings</returns>
            <exception cref="T:System.IO.IOException">throw IOException if device connection is invalid</exception>
        </member>
        <member name="M:GETT_CapDeviceLib.GETT_CapDevice.SetKeyMode(System.Int32,GETT_CapDeviceLib.Parameter.eKeyMode)">
            <summary>
             Set KeyMode settings of key[KeyIndex]. Use SaveConfig() to store settings permanently
             KeyMode defines the behavior of key[KeyIndex] on user inputs
             BUTTON = button mode genrates input (after OnDelay) when a user touches key[KeyIndex] and is released (after OffDelay) when the user gets out of the sensing range of key[KeyIndex] -> Output state NO
             SWITCH = switch mode genrates input (after OnDelay) when a user touches key[KeyIndex] and keeps its state after key[KeyIndex] is released, the release is generated after an additional touch/release sequence -> Output state NO
             BUTTON_INVERTED_OUTPUT = same as BUTTON with inverted output -> Output state NC
             SWITCH_INVERTED_OUTPUT = same as SWITCH with inverted output -> Output state NC
            </summary>
            <param name="KeyIndex">index of the target key (range 0-5)</param>
            <param name="NewMode">behavior of key</param>
            <exception cref="T:System.IO.IOException">throw IOException if device connection is invalid</exception>
        </member>
        <!-- Badly formed XML comment ignored for member "M:GETT_CapDeviceLib.GETT_CapDevice.GetRawConfig" -->
        <member name="T:GETT_CapDeviceLib.OnDisconnectedCallback">
            <summary>
            Callback is called if device gets removed from system
            </summary>
            <param name="sender">instance of GETT_CapDevice</param>    
        </member>
        <member name="T:GETT_CapDeviceLib.OnConnectedCallback">
            <summary>
            Callback is called if device gets detected (could be called multiple times depending on OS Vesion and API used)
            </summary>
            <param name="sender">instance of GETT_CapDevice</param>
        </member>
        <member name="T:GETT_CapDeviceLib.OnButtonStateChangedCallback">
            <summary>    
            Callback to use the gamecontroller interface for keystate observation.
            The interface is independend of the keyboard interface and the keycodes used.
            All keystate are transferd as bitfield with (1&lt;&lt;KeyIndex) == 0 key off and (1&lt;&lt;KeyIndex) == 1 key on
            e.g. 0x00 = all keys released 
            0x01 = Key[0] active 
            0x0A = Key[1] and Key[3] active
            </summary>
            <param name="sender">instance of GETT_CapDevice</param>
            <param name="NewState">keystate as bitfield</param>
        </member>
        <member name="T:GETT_CapDeviceLib.HID.CommandIF.Base.eSTM32Commands">
            <summary>
            Enum für alle Debug Kommandos
            </summary>
        </member>
        <member name="T:GETT_CapDeviceLib.HID.CommandIF.Base.eCommandIdentifier">
            <summary>
            Enum für alle Command Kommandos
            </summary>
        </member>
        <member name="T:GETT_CapDeviceLib.HID.CommandIF.Parameter.Crc32">
            <summary>
            Performs 32-bit reversed cyclic redundancy checks.
            </summary>
        </member>
        <member name="F:GETT_CapDeviceLib.HID.CommandIF.Parameter.Crc32.s_STM32_Default_Poly">
            <summary>
            Generator polynomial (modulo 2) for the reversed CRC32 algorithm. 
            </summary>
        </member>
        <member name="M:GETT_CapDeviceLib.HID.CommandIF.Parameter.Crc32.#ctor">
            <summary>
            Creates a new instance of the Crc32 class.
            </summary>
        </member>
        <member name="M:GETT_CapDeviceLib.HID.CommandIF.Parameter.Crc32.Get``1(System.Collections.Generic.IEnumerable{``0})">
            <summary>
            Calculates the checksum of the byte stream.
            </summary>
            <param name="byteStream">The byte stream to calculate the checksum for.</param>
            <returns>A 32-bit reversed checksum.</returns>
        </member>
        <member name="F:GETT_CapDeviceLib.HID.CommandIF.Parameter.Crc32.m_checksumTable">
            <summary>
            Contains a cache of calculated checksum chunks.
            </summary>
        </member>
        <member name="M:GETT_CapDeviceLib.HID.HIDInterface.#ctor">
            <summary>
            Creates an object to handle read/write functionality for a USB HID device
            Uses one filestream for each of read/write to allow for a write to occur during a blocking
            asnychronous read
            </summary>        
        </member>
        <member name="M:GETT_CapDeviceLib.HID.HIDInterface.#ctor(System.String,System.Boolean)">
            <summary>
            Creates an object to handle read/write functionality for a USB HID device
            Uses one filestream for each of read/write to allow for a write to occur during a blocking
            asnychronous read
            </summary>
            <param name="devicePath">The USB device path - from getConnectedDevices</param>
            <param name="useAsyncReads">True - Read the device and generate events on data being available</param>
        </member>
        <member name="M:GETT_CapDeviceLib.HID.HIDInterface.read">
            <summary>
            This read function is for normal synchronous reads
            </summary>
            <returns></returns>
        </member>
        <member name="T:GETT_CapDeviceLib.Parameter.eCapDevice_KeyState">
            <summary>
            Device key states for color/blink assignments
            </summary>
        </member>
        <member name="F:GETT_CapDeviceLib.Parameter.eCapDevice_KeyState.OFF">
             <summary>
            OFF = no input detected 
             </summary>
        </member>
        <member name="F:GETT_CapDeviceLib.Parameter.eCapDevice_KeyState.DELAY">
            <summary>
            DELAY = input detected and debounce/wait timer active
            </summary>
        </member>
        <member name="F:GETT_CapDeviceLib.Parameter.eCapDevice_KeyState.ON">
            <summary>
            ON = input detected and debounce/wait timer expired
            </summary>
        </member>
        <member name="F:GETT_CapDeviceLib.Parameter.eCapDevice_KeyState.CLEAN">
            <summary>
            CLEAN = indicator for clean mode (user input is blocked for cleaning)
            </summary>
        </member>
        <member name="T:GETT_CapDeviceLib.Parameter.eKeyMode">
            <summary>
            Key behavior and output mode on hardware IOs
            </summary>
        </member>
        <member name="F:GETT_CapDeviceLib.Parameter.eKeyMode.BUTTON">
            <summary>
            BUTTON = genrates input when a user touches key and is released when the user gets out of the sensing range of key -> Output state NO
            </summary>
        </member>
        <member name="F:GETT_CapDeviceLib.Parameter.eKeyMode.SWITCH">
            <summary>
            SWITCH = switch mode genrates input when a user touches key and keeps its state after key is released, release is generated after additional touch/release sequence -> Output state NO
            </summary>
        </member>
        <member name="F:GETT_CapDeviceLib.Parameter.eKeyMode.BUTTON_INVERTED_OUTPUT">
            <summary>
            BUTTON_INVERTED_OUTPUT = same as BUTTON with inverted output -> Output state NC
            </summary>
        </member>
        <member name="F:GETT_CapDeviceLib.Parameter.eKeyMode.SWITCH_INVERTED_OUTPUT">
            <summary>
            SWITCH_INVERTED_OUTPUT = same as SWITCH with inverted output -> Output state NC
            </summary>
        </member>
        <member name="T:GETT_CapDeviceLib.Parameter.eGETT_CapKeySensorState">
            <summary>
            Raw sensor fsm state
            </summary>
        </member>
        <member name="F:GETT_CapDeviceLib.Parameter.eGETT_CapKeySensorState.Unknown">
            <summary>
            default no valid measurements
            </summary>
        </member>
        <member name="F:GETT_CapDeviceLib.Parameter.eGETT_CapKeySensorState.Calibration">
            <summary>
            sensor calibrating
            </summary>        
        </member>
        <member name="F:GETT_CapDeviceLib.Parameter.eGETT_CapKeySensorState.Released">
            <summary>
            no signal within thresholds detected -> DetectOutThreshold
            </summary>
        </member>
        <member name="F:GETT_CapDeviceLib.Parameter.eGETT_CapKeySensorState.Proximity">
            <summary>
            signal within proximity threshold detected -> ProximityInThreshold
            </summary>
        </member>
        <member name="F:GETT_CapDeviceLib.Parameter.eGETT_CapKeySensorState.Detect">
            <summary>
            signal within touch threshold detected -> DetectInThreshold
            </summary>
        </member>
        <member name="F:GETT_CapDeviceLib.Parameter.eGETT_CapKeySensorState.Touch">
            <summary>
            signal within touch threshold detected for a fixed amount of measurements detected
            </summary>
        </member>
        <member name="F:GETT_CapDeviceLib.Parameter.eGETT_CapKeySensorState.Error">
            <summary>
            internal error detected
            </summary>
        </member>
        <member name="T:GETT_CapDeviceLib.Parameter.CapDevice_RGBColor">
            <summary>
            RGB settings class to encapsulate rgb settings
            </summary>
        </member>
        <member name="P:GETT_CapDeviceLib.Parameter.CapDevice_RGBColor.R">
            <summary>
            Red color intensity
            </summary>
        </member>
        <member name="P:GETT_CapDeviceLib.Parameter.CapDevice_RGBColor.G">
            <summary>
            Green color intensity
            </summary>
        </member>
        <member name="P:GETT_CapDeviceLib.Parameter.CapDevice_RGBColor.B">
            <summary>
            Blue color intensity
            </summary>
        </member>
        <member name="M:GETT_CapDeviceLib.Parameter.CapDevice_RGBColor.#ctor">
            <summary>
            Initialises R=0, G=0, B=0
            </summary>
        </member>
        <member name="M:GETT_CapDeviceLib.Parameter.CapDevice_RGBColor.#ctor(System.Byte,System.Byte,System.Byte)">
            <summary>
            use provided RGB values
            </summary>
        </member>
        <member name="T:GETT_CapDeviceLib.Parameter.GETT_CapDevice_SensorValues">
            <summary>
            Raw sensor measurements for threshold tuning
            </summary>
        </member>
        <member name="P:GETT_CapDeviceLib.Parameter.GETT_CapDevice_SensorValues.Reference">
            <summary>
            Default signal level used for object detection
            </summary>
        </member>
        <member name="P:GETT_CapDeviceLib.Parameter.GETT_CapDevice_SensorValues.ReferenceRestECS">
            <summary>
            Default signal level used for ECS (Environment Change Sysytem)
            </summary>
        </member>
        <member name="P:GETT_CapDeviceLib.Parameter.GETT_CapDevice_SensorValues.Delta">
            <summary>
            Difference between Reference and current signal level used to detect objects in field
            </summary>
        </member>
        <member name="P:GETT_CapDeviceLib.Parameter.GETT_CapDevice_SensorValues.State">
            <summary>
            Raw sensor detection fsm state
            </summary>
        </member>
        <member name="M:GETT_CapDeviceLib.Parameter.GETT_CapDevice_SensorValues.#ctor">
            <summary>
            Initialise all parameters with 0
            </summary>
        </member>
        <member name="M:GETT_CapDeviceLib.Parameter.GETT_CapDevice_SensorValues.#ctor(System.UInt16,System.UInt16,System.Int16,GETT_CapDeviceLib.Parameter.eGETT_CapKeySensorState)">
            <summary>
             use provided values
            </summary>
            <param name="reference">Reference</param>
            <param name="referenceRest">ReferenceRestECS</param>
            <param name="delta">Delta</param>
            <param name="state">State</param>
        </member>
        <member name="T:GETT_CapDeviceLib.Parameter.GETT_CapDevice_SensorSettings">
            <summary>
            Sensor settings for threshold tuning
            </summary>
        </member>
        <member name="F:GETT_CapDeviceLib.Parameter.GETT_CapDevice_SensorSettings.ProximityInThreshold">
            <summary>
            Proximity In detection threshold (entering field)
            </summary>
        </member>
        <member name="F:GETT_CapDeviceLib.Parameter.GETT_CapDevice_SensorSettings.ProximityOutThreshold">
            <summary>
            Proximity Out detection threshold (leaving field)
            </summary>
        </member>
        <member name="F:GETT_CapDeviceLib.Parameter.GETT_CapDevice_SensorSettings.DetectInThreshold">
            <summary>
            Detect In detection threshold (entering field)
            </summary>
        </member>
        <member name="F:GETT_CapDeviceLib.Parameter.GETT_CapDevice_SensorSettings.DetectOutThreshold">
            <summary>
            Detect Out detection threshold (leaving field)
            </summary>
        </member>
        <member name="F:GETT_CapDeviceLib.Parameter.GETT_CapDevice_SensorSettings.CalibrationThreshold">
            <summary>
            Calibration threshold triggering automatic recalibration
            </summary>
        </member>
        <member name="M:GETT_CapDeviceLib.Parameter.GETT_CapDevice_SensorSettings.#ctor">
            <summary>
            Initialise all thresholds with 0
            </summary>
        </member>
        <member name="M:GETT_CapDeviceLib.Parameter.GETT_CapDevice_SensorSettings.#ctor(System.Byte,System.Byte,System.Byte,System.Byte,System.Byte)">
            <summary>
            use provided thresholds
            </summary>
            <param name="proxIn">ProximityInThreshold</param>
            <param name="proxOut">ProximityOutThreshold</param>
            <param name="detectIn">DetectInThreshold</param>
            <param name="detectOut">DetectOutThreshold</param>
            <param name="calibration">CalibrationThreshold</param>
        </member>
        <member name="T:GETT_CapDeviceLib.Parameter.HIDTargetInfo">
            <summary>
            USB HID device information set collected from system APIs
            </summary>
        </member>
        <member name="P:GETT_CapDeviceLib.Parameter.HIDTargetInfo.Manufacturer">
            <summary>
            USB Descriptor Manufacturer string
            </summary>
        </member>
        <member name="P:GETT_CapDeviceLib.Parameter.HIDTargetInfo.Product">
            <summary>
            USB Descriptor Product string
            </summary>
        </member>
        <member name="P:GETT_CapDeviceLib.Parameter.HIDTargetInfo.SerialNumber">
            <summary>
            USB Descriptor SerialNumber as string
            </summary>
        </member>
        <member name="P:GETT_CapDeviceLib.Parameter.HIDTargetInfo.Configuration">
            <summary>
            USB Descriptor Configuration string (optional)
            </summary>
        </member>
        <member name="P:GETT_CapDeviceLib.Parameter.HIDTargetInfo.VID">
            <summary>
            USB Descriptor Vendor ID (GETT = 0x2225)
            </summary>
        </member>
        <member name="P:GETT_CapDeviceLib.Parameter.HIDTargetInfo.PID">
            <summary>
            USB Descriptor Product ID
            </summary>
        </member>
        <member name="P:GETT_CapDeviceLib.Parameter.HIDTargetInfo.DevicePath">
            <summary>
            File path o first USB device endpoint
            </summary>
        </member>
        <member name="P:GETT_CapDeviceLib.Parameter.HIDTargetInfo.VersionNumber">
            <summary>
            Device Firmware number
            </summary>
        </member>
        <member name="P:GETT_CapDeviceLib.Parameter.HIDTargetInfo.EndPoint_Count">
            <summary>
            Number of available device endpoints
            </summary>
        </member>
    </members>
</doc>
